<?xml version="1.0"?>
<!--<!DOCTYPE metadata SYSTEM "http://www.esri.com/metadata/esriprof80.dtd">-->
<metadata xml:lang="es"><Esri><CreaDate>20080612</CreaDate><CreaTime>11102900</CreaTime><SyncOnce>FALSE</SyncOnce><SyncDate>20080509</SyncDate><SyncTime>08235000</SyncTime><ModDate>20080509</ModDate><ModTime>08235000</ModTime><DataProperties><lineage><Process Name="SpatialJoin_1" ToolSource="C:\Program Files\ArcGIS\ArcToolbox\Toolboxes\Analysis Tools.tbx\SpatialJoin" Date="20070905" Time="151322">SpatialJoin Jerarquizacion_Vial MallaVial C:\MODELO20070809\ADMPLANEACION20070807.gdb\POT_ACUERDO46\Jerarquizacion_Vial_SpatialJ JOIN_ONE_TO_ONE KEEP_ALL "SUBTIPOJERARQUIZACIONVIAL SUBTIPOJERARQUIZACIONVIAL true true false 4 Long 0 0 ,First,#,C:\MODELO20070809\ADMPLANEACION20070807.gdb\POT_ACUERDO46\Jerarquizacion_Vial,SUBTIPOJERARQUIZACIONVIAL,-1,-1;NOMBRE NOMBRE true true false 100 Text 0 0 ,First,#,C:\MODELO20070809\ADMPLANEACION20070807.gdb\POT_ACUERDO46\Jerarquizacion_Vial,NOMBRE,-1,-1;SHAPE_Length SHAPE_Length false true true 8 Double 0 0 ,First,#,C:\MODELO20070809\ADMPLANEACION20070807.gdb\POT_ACUERDO46\Jerarquizacion_Vial,SHAPE_Length,-1,-1;ESTADO ESTADO true true false 4 Long 0 0 ,First,#,C:\MODELO20070809\ADMPLANEACION20070807.gdb\POT_ACUERDO46\Jerarquizacion_Vial,ESTADO,-1,-1;nulos nulos true true false 50 Text 0 0 ,First,#,C:\MODELO20070809\ADMPLANEACION20070807.gdb\POT_ACUERDO46\Jerarquizacion_Vial,nulos,-1,-1;TIPO_VIA TIPO_VIA true false false 10 Text 0 0 ,First,#,C:\POT_FICHASNORMATIVAS\Mallavial\MallaVial.shp,TIPO_VIA,-1,-1;NAME NAME true false false 30 Text 0 0 ,First,#,C:\POT_FICHASNORMATIVAS\Mallavial\MallaVial.shp,NAME,-1,-1;NOMBRE_COM NOMBRE_COM true false false 100 Text 0 0 ,First,#,C:\POT_FICHASNORMATIVAS\Mallavial\MallaVial.shp,NOMBRE_COM,-1,-1;MUNICIPIO MUNICIPIO true false false 25 Text 0 0 ,First,#,C:\POT_FICHASNORMATIVAS\Mallavial\MallaVial.shp,MUNICIPIO,-1,-1;PREFIJO PREFIJO true false false 5 Text 0 0 ,First,#,C:\POT_FICHASNORMATIVAS\Mallavial\MallaVial.shp,PREFIJO,-1,-1;FROMLEFT FROMLEFT true false false 10 Double 0 10 ,First,#,C:\POT_FICHASNORMATIVAS\Mallavial\MallaVial.shp,FROMLEFT,-1,-1;TOLEFT TOLEFT true false false 10 Double 0 10 ,First,#,C:\POT_FICHASNORMATIVAS\Mallavial\MallaVial.shp,TOLEFT,-1,-1;FROMRIGHT FROMRIGHT true false false 10 Double 0 10 ,First,#,C:\POT_FICHASNORMATIVAS\Mallavial\MallaVial.shp,FROMRIGHT,-1,-1;TORIGHT TORIGHT true false false 10 Double 0 10 ,First,#,C:\POT_FICHASNORMATIVAS\Mallavial\MallaVial.shp,TORIGHT,-1,-1;VERSION VERSION true false false 10 Double 0 10 ,First,#,C:\POT_FICHASNORMATIVAS\Mallavial\MallaVial.shp,VERSION,-1,-1;LABEL LABEL true false false 50 Text 0 0 ,First,#,C:\POT_FICHASNORMATIVAS\Mallavial\MallaVial.shp,LABEL,-1,-1;SHAPE_LEN SHAPE_LEN true false false 19 Double 0 0 ,First,#,C:\POT_FICHASNORMATIVAS\Mallavial\MallaVial.shp,SHAPE_LEN,-1,-1" INTERSECTS "0 Meters"</Process><Process Name="SpatialJoin_1" ToolSource="C:\Archivos de programa\ArcGIS\ArcToolbox\Toolboxes\Analysis Tools.tbx\SpatialJoin" Date="20070911" Time="123729">SpatialJoin Jerarquizacion_Vial MallaVial "C:\Documents and Settings\71339075\Escritorio\ADMPLANEACION20070807.gdb\POT_ACUERDO46\Jerarquizacion_Vial_SpatialJ" JOIN_ONE_TO_ONE KEEP_ALL "SUBTIPOJERARQUIZACIONVIAL SUBTIPOJERARQUIZACIONVIAL true true false 4 Long 0 0 ,First,#,C:\Documents and Settings\71339075\Escritorio\ADMPLANEACION20070807.gdb\POT_ACUERDO46\Jerarquizacion_Vial,SUBTIPOJERARQUIZACIONVIAL,-1,-1;NOMBRE NOMBRE true true false 100 Text 0 0 ,First,#,C:\Documents and Settings\71339075\Escritorio\ADMPLANEACION20070807.gdb\POT_ACUERDO46\Jerarquizacion_Vial,NOMBRE,-1,-1;ESTADO ESTADO true true false 4 Long 0 0 ,First,#,C:\Documents and Settings\71339075\Escritorio\ADMPLANEACION20070807.gdb\POT_ACUERDO46\Jerarquizacion_Vial,ESTADO,-1,-1;SHAPE_Length SHAPE_Length false true true 8 Double 0 0 ,First,#,C:\Documents and Settings\71339075\Escritorio\ADMPLANEACION20070807.gdb\POT_ACUERDO46\Jerarquizacion_Vial,SHAPE_Length,-1,-1;TIPO_VIA TIPO_VIA true false false 10 Text 0 0 ,First,#,C:\Documents and Settings\71339075\Escritorio\Polygonos\MetroplusCorregir\MallaVial.shp,TIPO_VIA,-1,-1;NAME NAME true false false 30 Text 0 0 ,First,#,C:\Documents and Settings\71339075\Escritorio\Polygonos\MetroplusCorregir\MallaVial.shp,NAME,-1,-1;NOMBRE_COM NOMBRE_COM true false false 100 Text 0 0 ,First,#,C:\Documents and Settings\71339075\Escritorio\Polygonos\MetroplusCorregir\MallaVial.shp,NOMBRE_COM,-1,-1;MUNICIPIO MUNICIPIO true false false 25 Text 0 0 ,First,#,C:\Documents and Settings\71339075\Escritorio\Polygonos\MetroplusCorregir\MallaVial.shp,MUNICIPIO,-1,-1;PREFIJO PREFIJO true false false 5 Text 0 0 ,First,#,C:\Documents and Settings\71339075\Escritorio\Polygonos\MetroplusCorregir\MallaVial.shp,PREFIJO,-1,-1;FROMLEFT FROMLEFT true false false 10 Double 0 10 ,First,#,C:\Documents and Settings\71339075\Escritorio\Polygonos\MetroplusCorregir\MallaVial.shp,FROMLEFT,-1,-1;TOLEFT TOLEFT true false false 10 Double 0 10 ,First,#,C:\Documents and Settings\71339075\Escritorio\Polygonos\MetroplusCorregir\MallaVial.shp,TOLEFT,-1,-1;FROMRIGHT FROMRIGHT true false false 10 Double 0 10 ,First,#,C:\Documents and Settings\71339075\Escritorio\Polygonos\MetroplusCorregir\MallaVial.shp,FROMRIGHT,-1,-1;TORIGHT TORIGHT true false false 10 Double 0 10 ,First,#,C:\Documents and Settings\71339075\Escritorio\Polygonos\MetroplusCorregir\MallaVial.shp,TORIGHT,-1,-1;VERSION VERSION true false false 10 Double 0 10 ,First,#,C:\Documents and Settings\71339075\Escritorio\Polygonos\MetroplusCorregir\MallaVial.shp,VERSION,-1,-1;LABEL LABEL true false false 50 Text 0 0 ,First,#,C:\Documents and Settings\71339075\Escritorio\Polygonos\MetroplusCorregir\MallaVial.shp,LABEL,-1,-1;SHAPE_LEN SHAPE_LEN true false false 19 Double 0 0 ,First,#,C:\Documents and Settings\71339075\Escritorio\Polygonos\MetroplusCorregir\MallaVial.shp,SHAPE_LEN,-1,-1" INTERSECTS "0 Unknown"</Process><Process Name="SpatialJoin_1" ToolSource="C:\Program Files\ArcGIS\ArcToolbox\Toolboxes\Analysis Tools.tbx\SpatialJoin" Date="20080509" Time="082430">SpatialJoin Jerarquizacion_Vial MallaVial C:\Geodatabase_POT\ADMPLANEACION20070807.gdb\POT_ACUERDO46\Jerarquizacion_Vial_SpatialJ JOIN_ONE_TO_ONE KEEP_ALL "SUBTIPOJERARQUIZACIONVIAL SUBTIPOJERARQUIZACIONVIAL true true false 4 Long 0 0 ,First,#,C:\Geodatabase_POT\ADMPLANEACION20070807.gdb\POT_ACUERDO46\Jerarquizacion_Vial,SUBTIPOJERARQUIZACIONVIAL,-1,-1;NOMBRE NOMBRE true true false 100 Text 0 0 ,First,#,C:\Geodatabase_POT\ADMPLANEACION20070807.gdb\POT_ACUERDO46\Jerarquizacion_Vial,NOMBRE,-1,-1;ESTADO ESTADO true true false 4 Long 0 0 ,First,#,C:\Geodatabase_POT\ADMPLANEACION20070807.gdb\POT_ACUERDO46\Jerarquizacion_Vial,ESTADO,-1,-1;label1 label1 true true false 50 Text 0 0 ,First,#,C:\Geodatabase_POT\ADMPLANEACION20070807.gdb\POT_ACUERDO46\Jerarquizacion_Vial,label1,-1,-1;NOMBRE_COM NOMBRE_COM true false false 100 Text 0 0 ,First,#,Y:\Mallavial\MallaVial.shp,NOMBRE_COM,-1,-1;LABEL LABEL true false false 50 Text 0 0 ,First,#,Y:\Mallavial\MallaVial.shp,LABEL,-1,-1" INTERSECTS "0 Meters"</Process></lineage></DataProperties><MetaID>{BAEA1CE5-C9FE-451C-A6C5-7623A8F83FE9}</MetaID></Esri><idinfo><native Sync="TRUE">Microsoft Windows XP Version 5.1 (Build 2600) Service Pack 2; ESRI ArcCatalog 9.2.4.1420</native><descript><langdata Sync="TRUE">es</langdata><abstract>REQUIRED: A brief narrative summary of the data set.</abstract><purpose>REQUIRED: A summary of the intentions with which the data set was developed.</purpose></descript><citation><citeinfo><origin>REQUIRED: The name of an organization or individual that developed the data set.</origin><pubdate>REQUIRED: The date when the data set is published or otherwise made available for release.</pubdate><title Sync="TRUE">Jerarquizacion_Vial_SpatialJ</title><ftname Sync="TRUE">Jerarquizacion_Vial_SpatialJ</ftname><geoform Sync="TRUE">vector digital data</geoform><onlink Sync="TRUE"></onlink></citeinfo></citation><timeperd><current>REQUIRED: The basis on which the time period of content information is determined.</current><timeinfo><sngdate><caldate>REQUIRED: The year (and optionally month, or month and day) for which the data set corresponds to the ground.</caldate></sngdate></timeinfo></timeperd><status><progress>REQUIRED: The state of the data set.</progress><update>REQUIRED: The frequency with which changes and additions are made to the data set after the initial data set is completed.</update></status><spdom><bounding><westbc Sync="TRUE">REQUIRED: Western-most coordinate of the limit of coverage expressed in longitude.</westbc><eastbc Sync="TRUE">REQUIRED: Eastern-most coordinate of the limit of coverage expressed in longitude.</eastbc><northbc Sync="TRUE">REQUIRED: Northern-most coordinate of the limit of coverage expressed in latitude.</northbc><southbc Sync="TRUE">REQUIRED: Southern-most coordinate of the limit of coverage expressed in latitude.</southbc></bounding></spdom><keywords><theme><themekt>REQUIRED: Reference to a formally registered thesaurus or a similar authoritative source of theme keywords.</themekt><themekey>REQUIRED: Common-use word or phrase used to describe the subject of the data set.</themekey></theme></keywords><accconst>REQUIRED: Restrictions and legal prerequisites for accessing the data set.</accconst><useconst>REQUIRED: Restrictions and legal prerequisites for using the data set after access is granted.</useconst><natvform Sync="TRUE">File Geodatabase Feature Class</natvform></idinfo><dataIdInfo><envirDesc Sync="TRUE">Microsoft Windows XP Version 5.1 (Build 2600) Service Pack 2; ESRI ArcCatalog 9.2.4.1420</envirDesc><dataLang><languageCode Sync="TRUE" value="es"></languageCode></dataLang><idCitation><resTitle Sync="TRUE">Jerarquizacion_Vial_SpatialJ</resTitle></idCitation></dataIdInfo><metainfo><langmeta Sync="TRUE">es</langmeta><metstdn Sync="TRUE">FGDC Content Standards for Digital Geospatial Metadata</metstdn><metstdv Sync="TRUE">FGDC-STD-001-1998</metstdv><mettc Sync="TRUE">local time</mettc><metc><cntinfo><cntorgp><cntper>REQUIRED: The person responsible for the metadata information.</cntper><cntorg>REQUIRED: The organization responsible for the metadata information.</cntorg></cntorgp><cntaddr><addrtype>REQUIRED: The mailing and/or physical address for the organization or individual.</addrtype><city>REQUIRED: The city of the address.</city><state>REQUIRED: The state or province of the address.</state><postal>REQUIRED: The ZIP or other postal code of the address.</postal></cntaddr><cntvoice>REQUIRED: The telephone number by which individuals can speak to the organization or individual.</cntvoice></cntinfo></metc><metd Sync="TRUE">20080509</metd><metextns><onlink Sync="TRUE">http://www.esri.com/metadata/esriprof80.html</onlink><metprof Sync="TRUE">ESRI Metadata Profile</metprof></metextns></metainfo><mdLang><languageCode Sync="TRUE" value="es"></languageCode></mdLang><mdStanName Sync="TRUE">ISO 19115 Geographic Information - Metadata</mdStanName><mdStanVer Sync="TRUE">DIS_ESRI1.0</mdStanVer><mdChar><CharSetCd Sync="TRUE" value="004"></CharSetCd></mdChar><mdHrLv><ScopeCd Sync="TRUE" value="005"></ScopeCd></mdHrLv><mdHrLvName Sync="TRUE">dataset</mdHrLvName><distinfo><resdesc Sync="TRUE">Downloadable Data</resdesc></distinfo><distInfo><distributor><distorTran><onLineSrc><orDesc Sync="TRUE">002</orDesc><linkage Sync="TRUE">file://</linkage><protocol Sync="TRUE">Local Area Network</protocol></onLineSrc></distorTran><distorFormat><formatName Sync="TRUE">File Geodatabase Feature Class</formatName></distorFormat></distributor></distInfo><spdoinfo><direct Sync="TRUE">Vector</direct><ptvctinf><esriterm Name="Jerarquizacion_Vial_SpatialJ"><efeatyp Sync="TRUE">Simple</efeatyp><efeageom Sync="TRUE">Polyline</efeageom><esritopo Sync="TRUE">FALSE</esritopo><efeacnt Sync="TRUE">0</efeacnt><spindex Sync="TRUE">TRUE</spindex><linrefer Sync="TRUE">FALSE</linrefer></esriterm><sdtsterm Name="Jerarquizacion_Vial_SpatialJ"><sdtstype Sync="TRUE">String</sdtstype><ptvctcnt Sync="TRUE">0</ptvctcnt></sdtsterm></ptvctinf></spdoinfo><spref><horizsys><cordsysn><geogcsn Sync="TRUE">GCS_Bogota</geogcsn><projcsn Sync="TRUE">sigame</projcsn></cordsysn><planar><planci><plance Sync="TRUE">coordinate pair</plance><plandu Sync="TRUE">meters</plandu><coordrep><absres Sync="TRUE">0.000000</absres><ordres Sync="TRUE">0.000000</ordres></coordrep></planci><mapproj><mapprojn Sync="TRUE">Azimuthal Equidistant</mapprojn><azimequi><longcm Sync="TRUE">-75.568264</longcm><latprjo Sync="TRUE">6.231972</latprjo><feast Sync="TRUE">835376.440000</feast><fnorth Sync="TRUE">1180809.750000</fnorth></azimequi></mapproj></planar><geodetic><horizdn Sync="TRUE">D_Bogota</horizdn><ellips Sync="TRUE">International_1924</ellips><semiaxis Sync="TRUE">6378388.000000</semiaxis><denflat Sync="TRUE">297.000000</denflat></geodetic></horizsys><vertdef><altsys><altenc Sync="TRUE">Explicit elevation coordinate included with horizontal coordinates</altenc><altres Sync="TRUE">0.000100</altres></altsys></vertdef></spref><refSysInfo><RefSystem><refSysID><identCode Sync="TRUE">sigame</identCode></refSysID></RefSystem></refSysInfo><spatRepInfo><VectSpatRep><topLvl><TopoLevCd Sync="TRUE" value="001"></TopoLevCd></topLvl><geometObjs Name="Jerarquizacion_Vial_SpatialJ"><geoObjTyp><GeoObjTypCd Sync="TRUE" value="001"></GeoObjTypCd></geoObjTyp><geoObjCnt Sync="TRUE">0</geoObjCnt></geometObjs></VectSpatRep></spatRepInfo><eainfo><detailed Name="Jerarquizacion_Vial_SpatialJ"><enttyp><enttypl Sync="TRUE">Jerarquizacion_Vial_SpatialJ</enttypl><enttypt Sync="TRUE">Feature Class</enttypt><enttypc Sync="TRUE">0</enttypc></enttyp><attr><attrlabl Sync="TRUE">OBJECTID</attrlabl><attalias Sync="TRUE">OBJECTID</attalias><attrtype Sync="TRUE">OID</attrtype><attwidth Sync="TRUE">4</attwidth><atprecis Sync="TRUE">0</atprecis><attscale Sync="TRUE">0</attscale><attrdef Sync="TRUE">Internal feature number.</attrdef><attrdefs Sync="TRUE">ESRI</attrdefs><attrdomv><udom Sync="TRUE">Sequential unique whole numbers that are automatically generated.</udom></attrdomv></attr><attr><attrlabl Sync="TRUE">SHAPE</attrlabl><attalias Sync="TRUE">SHAPE</attalias><attrtype Sync="TRUE">Geometry</attrtype><attwidth Sync="TRUE">0</attwidth><atprecis Sync="TRUE">0</atprecis><attscale Sync="TRUE">0</attscale><attrdef Sync="TRUE">Feature geometry.</attrdef><attrdefs Sync="TRUE">ESRI</attrdefs><attrdomv><udom Sync="TRUE">Coordinates defining the features.</udom></attrdomv></attr><attr><attrlabl Sync="TRUE">Join_Count</attrlabl><attalias Sync="TRUE">Join_Count</attalias><attrtype Sync="TRUE">Integer</attrtype><attwidth Sync="TRUE">4</attwidth><atprecis Sync="TRUE">0</atprecis><attscale Sync="TRUE">0</attscale></attr><attr><attrlabl Sync="TRUE">SUBTIPOJERARQUIZACIONVIAL</attrlabl><attalias Sync="TRUE">SUBTIPOJERARQUIZACIONVIAL</attalias><attrtype Sync="TRUE">Integer</attrtype><attwidth Sync="TRUE">4</attwidth><atprecis Sync="TRUE">0</atprecis><attscale Sync="TRUE">0</attscale></attr><attr><attrlabl Sync="TRUE">NOMBRE</attrlabl><attalias Sync="TRUE">NOMBRE</attalias><attrtype Sync="TRUE">String</attrtype><attwidth Sync="TRUE">100</attwidth><atprecis Sync="TRUE">0</atprecis><attscale Sync="TRUE">0</attscale></attr><attr><attrlabl Sync="TRUE">ESTADO</attrlabl><attalias Sync="TRUE">ESTADO</attalias><attrtype Sync="TRUE">Integer</attrtype><attwidth Sync="TRUE">4</attwidth><atprecis Sync="TRUE">0</atprecis><attscale Sync="TRUE">0</attscale></attr><attr><attrlabl Sync="TRUE">NOMBRE_COM</attrlabl><attalias Sync="TRUE">NOMBRE_COM</attalias><attrtype Sync="TRUE">String</attrtype><attwidth Sync="TRUE">100</attwidth><atprecis Sync="TRUE">0</atprecis><attscale Sync="TRUE">0</attscale></attr><attr><attrlabl Sync="TRUE">LABEL</attrlabl><attalias Sync="TRUE">LABEL</attalias><attrtype Sync="TRUE">String</attrtype><attwidth Sync="TRUE">50</attwidth><atprecis Sync="TRUE">0</atprecis><attscale Sync="TRUE">0</attscale></attr><subtype><stname Sync="TRUE">Ferreas</stname><stcode Sync="TRUE">1</stcode><stfield><stfldnm Sync="TRUE">SUBTIPOJERARQUIZACIONVIAL</stfldnm><stflddv Sync="TRUE">8</stflddv></stfield><stfield><stfldnm Sync="TRUE">ESTADO</stfldnm><stflddd><domname Sync="TRUE">CDomPOT_Estado</domname><domdesc Sync="TRUE"></domdesc><domtype Sync="TRUE">Coded Value</domtype><mrgtype Sync="TRUE">Default value</mrgtype><splttype Sync="TRUE">Default value</splttype><domowner Sync="TRUE"></domowner><domfldtp Sync="TRUE">Integer</domfldtp></stflddd></stfield></subtype><attr><attrlabl Sync="TRUE">SHAPE_Length</attrlabl><attalias Sync="TRUE">SHAPE_Length</attalias><attrtype Sync="TRUE">Double</attrtype><attwidth Sync="TRUE">8</attwidth><atprecis Sync="TRUE">0</atprecis><attscale Sync="TRUE">0</attscale><attrdef Sync="TRUE">Length of feature in internal units.</attrdef><attrdefs Sync="TRUE">ESRI</attrdefs><attrdomv><udom Sync="TRUE">Positive real numbers that are automatically generated.</udom></attrdomv></attr><subtype><stname Sync="TRUE">Troncales de Transporte Publico</stname><stcode Sync="TRUE">2</stcode><stfield><stfldnm Sync="TRUE">SUBTIPOJERARQUIZACIONVIAL</stfldnm><stflddv Sync="TRUE">8</stflddv></stfield><stfield><stfldnm Sync="TRUE">ESTADO</stfldnm><stflddd><domname Sync="TRUE">CDomPOT_Estado</domname><domdesc Sync="TRUE"></domdesc><domtype Sync="TRUE">Coded Value</domtype><mrgtype Sync="TRUE">Default value</mrgtype><splttype Sync="TRUE">Default value</splttype><domowner Sync="TRUE"></domowner><domfldtp Sync="TRUE">Integer</domfldtp></stflddd></stfield></subtype><subtype><stname Sync="TRUE">Autopista Urbana</stname><stcode Sync="TRUE">3</stcode><stfield><stfldnm Sync="TRUE">SUBTIPOJERARQUIZACIONVIAL</stfldnm><stflddv Sync="TRUE">8</stflddv></stfield><stfield><stfldnm Sync="TRUE">ESTADO</stfldnm><stflddd><domname Sync="TRUE">CDomPOT_Estado</domname><domdesc Sync="TRUE"></domdesc><domtype Sync="TRUE">Coded Value</domtype><mrgtype Sync="TRUE">Default value</mrgtype><splttype Sync="TRUE">Default value</splttype><domowner Sync="TRUE"></domowner><domfldtp Sync="TRUE">Integer</domfldtp></stflddd></stfield></subtype><subtype><stname Sync="TRUE">Arteria Principal</stname><stcode Sync="TRUE">4</stcode><stfield><stfldnm Sync="TRUE">SUBTIPOJERARQUIZACIONVIAL</stfldnm><stflddv Sync="TRUE">8</stflddv></stfield><stfield><stfldnm Sync="TRUE">ESTADO</stfldnm><stflddd><domname Sync="TRUE">CDomPOT_Estado</domname><domdesc Sync="TRUE"></domdesc><domtype Sync="TRUE">Coded Value</domtype><mrgtype Sync="TRUE">Default value</mrgtype><splttype Sync="TRUE">Default value</splttype><domowner Sync="TRUE"></domowner><domfldtp Sync="TRUE">Integer</domfldtp></stflddd></stfield></subtype><subtype><stname Sync="TRUE">Arteria Menor</stname><stcode Sync="TRUE">5</stcode><stfield><stfldnm Sync="TRUE">SUBTIPOJERARQUIZACIONVIAL</stfldnm><stflddv Sync="TRUE">8</stflddv></stfield><stfield><stfldnm Sync="TRUE">ESTADO</stfldnm><stflddd><domname Sync="TRUE">CDomPOT_Estado</domname><domdesc Sync="TRUE"></domdesc><domtype Sync="TRUE">Coded Value</domtype><mrgtype Sync="TRUE">Default value</mrgtype><splttype Sync="TRUE">Default value</splttype><domowner Sync="TRUE"></domowner><domfldtp Sync="TRUE">Integer</domfldtp></stflddd></stfield></subtype><subtype><stname Sync="TRUE">Colectoras</stname><stcode Sync="TRUE">6</stcode><stfield><stfldnm Sync="TRUE">SUBTIPOJERARQUIZACIONVIAL</stfldnm><stflddv Sync="TRUE">8</stflddv></stfield><stfield><stfldnm Sync="TRUE">ESTADO</stfldnm><stflddd><domname Sync="TRUE">CDomPOT_Estado</domname><domdesc Sync="TRUE"></domdesc><domtype Sync="TRUE">Coded Value</domtype><mrgtype Sync="TRUE">Default value</mrgtype><splttype Sync="TRUE">Default value</splttype><domowner Sync="TRUE"></domowner><domfldtp Sync="TRUE">Integer</domfldtp></stflddd></stfield></subtype><subtype><stname Sync="TRUE">Ciclorutas</stname><stcode Sync="TRUE">7</stcode><stfield><stfldnm Sync="TRUE">SUBTIPOJERARQUIZACIONVIAL</stfldnm><stflddv Sync="TRUE">8</stflddv></stfield><stfield><stfldnm Sync="TRUE">ESTADO</stfldnm><stflddd><domname Sync="TRUE">CDomPOT_Estado</domname><domdesc Sync="TRUE"></domdesc><domtype Sync="TRUE">Coded Value</domtype><mrgtype Sync="TRUE">Default value</mrgtype><splttype Sync="TRUE">Default value</splttype><domowner Sync="TRUE"></domowner><domfldtp Sync="TRUE">Integer</domfldtp></stflddd></stfield></subtype><subtype><stname Sync="TRUE">Primarias</stname><stcode Sync="TRUE">8</stcode><stfield><stfldnm Sync="TRUE">SUBTIPOJERARQUIZACIONVIAL</stfldnm><stflddv Sync="TRUE">8</stflddv></stfield><stfield><stfldnm Sync="TRUE">ESTADO</stfldnm><stflddd><domname Sync="TRUE">CDomPOT_Estado</domname><domdesc Sync="TRUE"></domdesc><domtype Sync="TRUE">Coded Value</domtype><mrgtype Sync="TRUE">Default value</mrgtype><splttype Sync="TRUE">Default value</splttype><domowner Sync="TRUE"></domowner><domfldtp Sync="TRUE">Integer</domfldtp></stflddd></stfield></subtype><subtype><stname Sync="TRUE">Secundarias</stname><stcode Sync="TRUE">9</stcode><stfield><stfldnm Sync="TRUE">SUBTIPOJERARQUIZACIONVIAL</stfldnm><stflddv Sync="TRUE">8</stflddv></stfield><stfield><stfldnm Sync="TRUE">ESTADO</stfldnm><stflddd><domname Sync="TRUE">CDomPOT_Estado</domname><domdesc Sync="TRUE"></domdesc><domtype Sync="TRUE">Coded Value</domtype><mrgtype Sync="TRUE">Default value</mrgtype><splttype Sync="TRUE">Default value</splttype><domowner Sync="TRUE"></domowner><domfldtp Sync="TRUE">Integer</domfldtp></stflddd></stfield></subtype><subtype><stname Sync="TRUE">Terciarias</stname><stcode Sync="TRUE">10</stcode><stfield><stfldnm Sync="TRUE">SUBTIPOJERARQUIZACIONVIAL</stfldnm><stflddv Sync="TRUE">8</stflddv></stfield><stfield><stfldnm Sync="TRUE">ESTADO</stfldnm><stflddd><domname Sync="TRUE">CDomPOT_Estado</domname><domdesc Sync="TRUE"></domdesc><domtype Sync="TRUE">Coded Value</domtype><mrgtype Sync="TRUE">Default value</mrgtype><splttype Sync="TRUE">Default value</splttype><domowner Sync="TRUE"></domowner><domfldtp Sync="TRUE">Integer</domfldtp></stflddd></stfield></subtype><subtype><stname Sync="TRUE">Caminos</stname><stcode Sync="TRUE">11</stcode><stfield><stfldnm Sync="TRUE">SUBTIPOJERARQUIZACIONVIAL</stfldnm><stflddv Sync="TRUE">8</stflddv></stfield><stfield><stfldnm Sync="TRUE">ESTADO</stfldnm><stflddd><domname Sync="TRUE">CDomPOT_Estado</domname><domdesc Sync="TRUE"></domdesc><domtype Sync="TRUE">Coded Value</domtype><mrgtype Sync="TRUE">Default value</mrgtype><splttype Sync="TRUE">Default value</splttype><domowner Sync="TRUE"></domowner><domfldtp Sync="TRUE">Integer</domfldtp></stflddd></stfield></subtype><attr><attrlabl Sync="TRUE">label1</attrlabl><attalias Sync="TRUE">label1</attalias><attrtype Sync="TRUE">String</attrtype><attwidth Sync="TRUE">50</attwidth><atprecis Sync="TRUE">0</atprecis><attscale Sync="TRUE">0</attscale></attr></detailed></eainfo><mdDateSt Sync="TRUE">20080509</mdDateSt><dataqual><lineage><procstep><procdesc Sync="TRUE">Dataset copied.</procdesc><srcused Sync="TRUE">\\Catalinavanegas\POT_FICHASNORMATIVAS\ADMPLANEACION20070807.gdb</srcused><date Sync="TRUE">20080612</date><time Sync="TRUE">11102900</time></procstep></lineage></dataqual></metadata>
