<?xml version="1.0"?>
<!--<!DOCTYPE metadata SYSTEM "http://www.esri.com/metadata/esriprof80.dtd">-->
<metadata xml:lang="es"><Esri><CreaDate>20080611</CreaDate><CreaTime>17021900</CreaTime><SyncOnce>FALSE</SyncOnce><DataProperties><lineage><Process Name="Create Feature Class" ToolSource="C:\Archivos de programa\ArcGIS\ArcToolbox\Toolboxes\Data Management Tools.tbx\CreateFeatureclass" Date="20061127" Time="115846">CreateFeatureclass C:\POT\PliegoModificaciones1\UNE_VI vias_ambi # une_vi_ambi_Layer SAME_AS_TEMPLATE SAME_AS_TEMPLATE "PROJCS['sigame',GEOGCS['GCS_Bogota',DATUM['D_Bogota',SPHEROID['International_1924',6378388.0,297.0]],PRIMEM['Greenwich',0.0],UNIT['Degree',0.0174532925199433]],PROJECTION['Azimuthal_Equidistant'],PARAMETER['False_Easting',835376.44],PARAMETER['False_Northing',1180809.75],PARAMETER['Central_Meridian',-75.56826444],PARAMETER['Latitude_Of_Origin',6.231971667],UNIT['Meter',1.0]];798419,767616 1146942,614116 31249,9999708962;-8796093,026804 122,070312386313;0 100000" # 0 0 0 C:\POT\PliegoModificaciones1\UNE_VI\vias_ambi.shp</Process><Process Name="Append" ToolSource="C:\Archivos de programa\ArcGIS\ArcToolbox\Toolboxes\Data Management Tools.tbx\Append" Date="20061127" Time="115846">Append une_vi_ambi_Layer C:\POT\PliegoModificaciones1\UNE_VI\vias_ambi.shp TEST C:\POT\PliegoModificaciones1\UNE_VI\vias_ambi.shp</Process><Process Name="FeatureClassToFeatureClass_4" ToolSource="C:\Archivos de programa\ArcGIS\ArcToolbox\Toolboxes\Conversion Tools.tbx\FeatureClassToFeatureClass" Date="20061127" Time="115846">FeatureClassToFeatureClass "\\Alfa\VIGENTES\PLAN DE ORDENAMIENTO TERRITORIAL-1999\Cartografia Temática POT_Vig\POT Ajustes_Mayo2006\ProyectoAcuerdo223de2006\GeodbPOT.mdb\UNe_Vi\une_vi_ambi" C:\POT\PliegoModificaciones1\UNE_VI vias_ambi # "AREA AREA VISIBLE;NOMBRE NOMBRE VISIBLE;Shape_Length Shape_Leng VISIBLE;Shape_Area Shape_Area VISIBLE" SAME_AS_TEMPLATE SAME_AS_TEMPLATE # 0 C:\POT\PliegoModificaciones1\UNE_VI\vias_ambi.shp</Process><Process ToolSource="C:\Archivos de programa\ArcGIS\ArcToolbox\Toolboxes\Data Management Tools.tbx\CopyFeatures" Date="20061128" Time="171642">CopyFeatures C:\POT\PliegoModificaciones1\UNE_VI\vias_ambi.shp C:\POT\POT.mdb\UNE_VI\vias_ambi # 0 0 0</Process><Process ToolSource="C:\Program Files\ArcGIS\ArcToolbox\Toolboxes\Data Management Tools.tbx\CopyFeatures" Date="20080214" Time="165024">CopyFeatures C:\Geodatabase_POT\Astrid_POT\POT2006.mdb\UNE_VI\vias_ambi C:\Geodatabase_POT\ADMPLANEACION20070807.gdb\Desconocidos\vias_ambi # 0 0 0</Process><Process ToolSource="C:\Program Files\ArcGIS\ArcToolbox\Toolboxes\Data Management Tools.tbx\CopyFeatures" Date="20080404" Time="081634">CopyFeatures "C:\Geodatabase_POT\New Personal Geodatabase.mdb\Ejes_Estructurantes" C:\Geodatabase_POT\ADMPLANEACION20070807.gdb\Cartografia_Base\Ejes_Estructurantes # 0 0 0</Process><Process Name="FeatureClassToFeatureClass_3" ToolSource="C:\Program Files\ArcGIS\ArcToolbox\Toolboxes\Conversion Tools.tbx\FeatureClassToFeatureClass" Date="20080416" Time="143004">FeatureClassToFeatureClass C:\Geodatabase_POT\ADMPLANEACION20070807.gdb\Cartografia_Base\Ejes_Estructurantes_POT C:\Geodatabase_POT\ADMPLANEACION20070807.gdb\POT_ACUERDO46 Ejes_Estructurantes # "NOMBRE NOMBRE true true false 100 Text 0 0 ,First,#,C:\Geodatabase_POT\ADMPLANEACION20070807.gdb\Cartografia_Base\Ejes_Estructurantes_POT,NOMBRE,-1,-1;Shape_Length Shape_Length false true true 8 Double 0 0 ,First,#,C:\Geodatabase_POT\ADMPLANEACION20070807.gdb\Cartografia_Base\Ejes_Estructurantes_POT,Shape_Length,-1,-1;Shape_Area Shape_Area false true true 8 Double 0 0 ,First,#,C:\Geodatabase_POT\ADMPLANEACION20070807.gdb\Cartografia_Base\Ejes_Estructurantes_POT,Shape_Area,-1,-1" # C:\Geodatabase_POT\ADMPLANEACION20070807.gdb\POT_ACUERDO46\Ejes_Estructurantes</Process></lineage></DataProperties><SyncDate>20080416</SyncDate><SyncTime>14300400</SyncTime><ModDate>20080416</ModDate><ModTime>14300400</ModTime><MetaID>{60592186-3DC4-4AEF-925C-CBD6D31AEEFF}</MetaID></Esri><idinfo><native Sync="TRUE">Microsoft Windows XP Version 5.1 (Build 2600) Service Pack 2; ESRI ArcCatalog 9.2.4.1420</native><descript><langdata Sync="TRUE">es</langdata><abstract>REQUIRED: A brief narrative summary of the data set.</abstract><purpose>REQUIRED: A summary of the intentions with which the data set was developed.</purpose></descript><citation><citeinfo><origin>REQUIRED: The name of an organization or individual that developed the data set.</origin><pubdate>REQUIRED: The date when the data set is published or otherwise made available for release.</pubdate><title Sync="TRUE">Ejes_Estructurantes</title><ftname Sync="TRUE">Ejes_Estructurantes</ftname><geoform Sync="TRUE">vector digital data</geoform><onlink Sync="TRUE"></onlink></citeinfo></citation><timeperd><current>REQUIRED: The basis on which the time period of content information is determined.</current><timeinfo><sngdate><caldate>REQUIRED: The year (and optionally month, or month and day) for which the data set corresponds to the ground.</caldate></sngdate></timeinfo></timeperd><status><progress>REQUIRED: The state of the data set.</progress><update>REQUIRED: The frequency with which changes and additions are made to the data set after the initial data set is completed.</update></status><spdom><bounding><westbc Sync="TRUE">REQUIRED: Western-most coordinate of the limit of coverage expressed in longitude.</westbc><eastbc Sync="TRUE">REQUIRED: Eastern-most coordinate of the limit of coverage expressed in longitude.</eastbc><northbc Sync="TRUE">REQUIRED: Northern-most coordinate of the limit of coverage expressed in latitude.</northbc><southbc Sync="TRUE">REQUIRED: Southern-most coordinate of the limit of coverage expressed in latitude.</southbc></bounding></spdom><keywords><theme><themekt>REQUIRED: Reference to a formally registered thesaurus or a similar authoritative source of theme keywords.</themekt><themekey>REQUIRED: Common-use word or phrase used to describe the subject of the data set.</themekey></theme></keywords><accconst>REQUIRED: Restrictions and legal prerequisites for accessing the data set.</accconst><useconst>REQUIRED: Restrictions and legal prerequisites for using the data set after access is granted.</useconst><natvform Sync="TRUE">File Geodatabase Feature Class</natvform></idinfo><dataIdInfo><envirDesc Sync="TRUE">Microsoft Windows XP Version 5.1 (Build 2600) Service Pack 2; ESRI ArcCatalog 9.2.4.1420</envirDesc><dataLang><languageCode Sync="TRUE" value="es"></languageCode></dataLang><idCitation><resTitle Sync="TRUE">Ejes_Estructurantes</resTitle><presForm><PresFormCd Sync="TRUE" value="005"></PresFormCd></presForm></idCitation><spatRpType><SpatRepTypCd Sync="TRUE" value="001"></SpatRepTypCd></spatRpType></dataIdInfo><metainfo><langmeta Sync="TRUE">es</langmeta><metstdn Sync="TRUE">FGDC Content Standards for Digital Geospatial Metadata</metstdn><metstdv Sync="TRUE">FGDC-STD-001-1998</metstdv><mettc Sync="TRUE">local time</mettc><metc><cntinfo><cntorgp><cntper>REQUIRED: The person responsible for the metadata information.</cntper><cntorg>REQUIRED: The organization responsible for the metadata information.</cntorg></cntorgp><cntaddr><addrtype>REQUIRED: The mailing and/or physical address for the organization or individual.</addrtype><city>REQUIRED: The city of the address.</city><state>REQUIRED: The state or province of the address.</state><postal>REQUIRED: The ZIP or other postal code of the address.</postal></cntaddr><cntvoice>REQUIRED: The telephone number by which individuals can speak to the organization or individual.</cntvoice></cntinfo></metc><metd Sync="TRUE">20080416</metd><metextns><onlink Sync="TRUE">http://www.esri.com/metadata/esriprof80.html</onlink><metprof Sync="TRUE">ESRI Metadata Profile</metprof></metextns></metainfo><mdLang><languageCode Sync="TRUE" value="es"></languageCode></mdLang><mdStanName Sync="TRUE">ISO 19115 Geographic Information - Metadata</mdStanName><mdStanVer Sync="TRUE">DIS_ESRI1.0</mdStanVer><mdChar><CharSetCd Sync="TRUE" value="004"></CharSetCd></mdChar><mdHrLv><ScopeCd Sync="TRUE" value="005"></ScopeCd></mdHrLv><mdHrLvName Sync="TRUE">dataset</mdHrLvName><distinfo><resdesc Sync="TRUE">Downloadable Data</resdesc></distinfo><distInfo><distributor><distorTran><onLineSrc><orDesc Sync="TRUE">002</orDesc><linkage Sync="TRUE">file://</linkage><protocol Sync="TRUE">Local Area Network</protocol></onLineSrc></distorTran><distorFormat><formatName Sync="TRUE">File Geodatabase Feature Class</formatName></distorFormat></distributor></distInfo><spdoinfo><direct Sync="TRUE">Vector</direct><ptvctinf><esriterm Name="Ejes_Estructurantes"><efeatyp Sync="TRUE">Simple</efeatyp><efeageom Sync="TRUE">Polygon</efeageom><esritopo Sync="TRUE">FALSE</esritopo><efeacnt Sync="TRUE">0</efeacnt><spindex Sync="TRUE">TRUE</spindex><linrefer Sync="TRUE">FALSE</linrefer></esriterm><sdtsterm Name="Ejes_Estructurantes"><sdtstype Sync="TRUE">G-polygon</sdtstype><ptvctcnt Sync="TRUE">0</ptvctcnt></sdtsterm></ptvctinf></spdoinfo><spref><horizsys><cordsysn><geogcsn Sync="TRUE">GCS_Bogota</geogcsn><projcsn Sync="TRUE">sigame</projcsn></cordsysn><planar><planci><plance Sync="TRUE">coordinate pair</plance><plandu Sync="TRUE">meters</plandu><coordrep><absres Sync="TRUE">0.000000</absres><ordres Sync="TRUE">0.000000</ordres></coordrep></planci><mapproj><mapprojn Sync="TRUE">Azimuthal Equidistant</mapprojn><azimequi><longcm Sync="TRUE">-75.568264</longcm><latprjo Sync="TRUE">6.231972</latprjo><feast Sync="TRUE">835376.440000</feast><fnorth Sync="TRUE">1180809.750000</fnorth></azimequi></mapproj></planar><geodetic><horizdn Sync="TRUE">D_Bogota</horizdn><ellips Sync="TRUE">International_1924</ellips><semiaxis Sync="TRUE">6378388.000000</semiaxis><denflat Sync="TRUE">297.000000</denflat></geodetic></horizsys><vertdef><altsys><altenc Sync="TRUE">Explicit elevation coordinate included with horizontal coordinates</altenc><altres Sync="TRUE">0.000100</altres></altsys></vertdef></spref><refSysInfo><RefSystem><refSysID><identCode Sync="TRUE">sigame</identCode></refSysID></RefSystem></refSysInfo><spatRepInfo><VectSpatRep><topLvl><TopoLevCd Sync="TRUE" value="001"></TopoLevCd></topLvl><geometObjs Name="Ejes_Estructurantes"><geoObjTyp><GeoObjTypCd Sync="TRUE" value="001"></GeoObjTypCd></geoObjTyp><geoObjCnt Sync="TRUE">0</geoObjCnt></geometObjs></VectSpatRep></spatRepInfo><eainfo><detailed Name="Ejes_Estructurantes"><enttyp><enttypl Sync="TRUE">Ejes_Estructurantes</enttypl><enttypt Sync="TRUE">Feature Class</enttypt><enttypc Sync="TRUE">0</enttypc></enttyp><attr><attrlabl Sync="TRUE">OBJECTID</attrlabl><attalias Sync="TRUE">OBJECTID</attalias><attrtype Sync="TRUE">OID</attrtype><attwidth Sync="TRUE">4</attwidth><atprecis Sync="TRUE">0</atprecis><attscale Sync="TRUE">0</attscale><attrdef Sync="TRUE">Internal feature number.</attrdef><attrdefs Sync="TRUE">ESRI</attrdefs><attrdomv><udom Sync="TRUE">Sequential unique whole numbers that are automatically generated.</udom></attrdomv></attr><attr><attrlabl Sync="TRUE">Shape</attrlabl><attalias Sync="TRUE">Shape</attalias><attrtype Sync="TRUE">Geometry</attrtype><attwidth Sync="TRUE">0</attwidth><atprecis Sync="TRUE">0</atprecis><attscale Sync="TRUE">0</attscale><attrdef Sync="TRUE">Feature geometry.</attrdef><attrdefs Sync="TRUE">ESRI</attrdefs><attrdomv><udom Sync="TRUE">Coordinates defining the features.</udom></attrdomv></attr><attr><attrlabl Sync="TRUE">NOMBRE</attrlabl><attalias Sync="TRUE">NOMBRE</attalias><attrtype Sync="TRUE">String</attrtype><attwidth Sync="TRUE">100</attwidth><atprecis Sync="TRUE">0</atprecis><attscale Sync="TRUE">0</attscale></attr><attr><attrlabl Sync="TRUE">Shape_Length</attrlabl><attalias Sync="TRUE">Shape_Length</attalias><attrtype Sync="TRUE">Double</attrtype><attwidth Sync="TRUE">8</attwidth><atprecis Sync="TRUE">0</atprecis><attscale Sync="TRUE">0</attscale><attrdef Sync="TRUE">Length of feature in internal units.</attrdef><attrdefs Sync="TRUE">ESRI</attrdefs><attrdomv><udom Sync="TRUE">Positive real numbers that are automatically generated.</udom></attrdomv></attr><attr><attrlabl Sync="TRUE">Shape_Area</attrlabl><attalias Sync="TRUE">Shape_Area</attalias><attrtype Sync="TRUE">Double</attrtype><attwidth Sync="TRUE">8</attwidth><atprecis Sync="TRUE">0</atprecis><attscale Sync="TRUE">0</attscale><attrdef Sync="TRUE">Area of feature in internal units squared.</attrdef><attrdefs Sync="TRUE">ESRI</attrdefs><attrdomv><udom Sync="TRUE">Positive real numbers that are automatically generated.</udom></attrdomv></attr></detailed></eainfo><mdDateSt Sync="TRUE">20080416</mdDateSt><dataqual><lineage><procstep><procdesc Sync="TRUE">Dataset copied.</procdesc><srcused Sync="TRUE">\\FEDERICOH\C$\Geodatabase_POT\ADMPLANEACION20070807.gdb</srcused><date Sync="TRUE">20080404</date><time Sync="TRUE">08103400</time></procstep><procstep><procdesc Sync="TRUE">Dataset copied.</procdesc><srcused Sync="TRUE">\\Catalinavanegas\POT_FICHASNORMATIVAS\ADMPLANEACION20070807.gdb</srcused><date Sync="TRUE">20080611</date><time Sync="TRUE">17021900</time></procstep></lineage></dataqual></metadata>
